{"cameraMode":{"drawMode":0,"name":"Shaded","section":"Shading Mode"},"sceneLighting":false,"audioPlay":false,"sceneViewState":{"showFog":true,"showMaterialUpdate":false,"showSkybox":true,"showFlares":true,"showImageEffects":true,"showParticleSystems":true,"showVisualEffectGraphs":true,"m_FxEnabled":true},"in2DMode":false,"pivot":{"x":-0.7248679399490356,"y":1.7456821203231812,"z":-1.1073709726333619},"rotation":{"x":-0.0736469030380249,"y":-0.20040452480316163,"z":0.015503785572946072,"w":-0.977069616317749},"size":0.15963321924209596,"orthographic":false}