{"cameraMode":{"drawMode":0,"name":"Shaded","section":"Shading Mode"},"sceneLighting":false,"audioPlay":false,"sceneViewState":{"showFog":true,"showMaterialUpdate":false,"showSkybox":true,"showFlares":true,"showImageEffects":true,"showParticleSystems":true,"showVisualEffectGraphs":true,"m_FxEnabled":true},"in2DMode":false,"pivot":{"x":1.0031269788742066,"y":2.1130363941192629,"z":-11.038772583007813},"rotation":{"x":-0.015078751370310784,"y":0.9836075305938721,"z":-0.1549740880727768,"w":-0.09292683005332947},"size":0.1540404111146927,"orthographic":false}